29.0862,1816
71.3415,1816
53.9771,1817
72.629,1817
64.2332,1817
30.2647,1817
35.4839,1817
59.9557,1817
74.977,1817
58.3038,1817
74.7289,1817
41.0936,1817
57.7528,1817
53.5489,1817
34.2647,1817
49.8094,1817
65.2008,1826
46.5643,1826
24.5293,1826
50.3038,1826
36.2647,1723
61.4783,1826
66.1648,1826
30.5959,1826
40.2388,1826
45.303,1826
61.3784,1826
59.0196,1826
30.5959,1826
39.0936,1826
25.5098,1826
60.074,1723
52.732,1826
29.2193,1798
38.3387,1798
66.7549,1798
41.8485,1795
60.9288,1795
56.2227,1795
34.0537,1795
43.4869,1795
34.0537,1795
54.2227,1723
39.303,1795
34.9937,1795
39.6096,1809
15.6515,1809
,1809
38.3387,1809
42.3387,1816
42.6132,1816
19.6892,1816
54.629,1816
61.5489,1723
49.2451,1816
29.7412,1816
44.732,1816
52.3932,1798
56.0322,1798
49.1223,1810
37.6933,1796
55.0587,1807
40.5293,1807
34.9384,1723
68.1333,1723
37.6933,1723
39.0196,1723
54.794,1723
41.303,1723
45.1223,1723
61.5098,1723
106.616,1723
81.287,1723
72.9288,1723
66.1739,1723
73.6837,1723
48,1723
57.9771,1723
52.3038,1723
49.2222,1723
70.7715,1769
61.2008,1769
88.3129,1769
55.0591,1769
48.3675,1769
49.5782,1769
65.3129,1781
46.5481,1723
49.9771,1781
65.9557,1781
67.5671,1781
48.3237,1781
54.306,1822
111.124,1822
70.9881,1822
97.7587,1822
47.0879,1822
56.9881,1804
25.8411,1723
46.732,1804
75.6356,1804
33.303,1804
56.446,1862
47.5912,1862
103.079,1889
72.7563,1889
60.0573,1889
20.5293,1889
70.2675,1889
30.2647,1884
41.8485,1884
86.4295,1884
74.0419,1884
68.1222,1884
33.3508,1884
62.4295,1884
44.5481,1884
81.092,1884
51.9771,1884
68.4386,1888
62.0259,1888
38.5959,1888
87.6432,1888
33.0196,1888
88.366,1888
81.0063,1888
44.4902,1888
42,1888
37.6933,1882
45.4127,1882
62.3478,1882
84.1266,1882
48.794,18882
70.6125,1882
47.8772,1882
61.7011,1882
47.0845,1882
69.7773,1887
60.1258,1887
66.7106,1726
56.446,1887
47.726,1887
44.2676,1887
35.0196,1887
67.743,1887
78.8353,1887
47.2451,1887
66.9288,1887
36.1057,1887
56.2387,1887
37.6933,1726
45.0936,1888
31.7932,1888
65.6356,1888
61.3191,1888
42.9546,1888
52.3038,1888
81.8317,1888
87.092,1856
95.2842,1726
66.9288,1856
47.2193,1856
41.8485,1893
50,1893
113.762,1879
38.5959,1879
61.7011,1892
94.6318,1861
54.9288,1861
47.0194,1861
35.3508,1726
67.4838,1861
55.3191,1861
66.5977,1861
58.3038,1861
68.2387,1861
49.4869,1882
56.7106,1882
56.732,1882
58.9288,1882
69.7109,1882
44.1057,1726
74.5321,1882
54.2387,1882
70.5977,1882
52.732,1882
71.9518,1882
55.5096,1882
45.8485,1879
74.3521,1879
76.7289,1879
74.5321,1879
49.9392,1726
77.3415,1879
79.2842,1879
62.074,1879
64.9881,1879
53.5489,1879
77.7773,1879
80.4449,1879
79.6746,1879
43.0591,1879
26.5293,1869
37.0196,1726
36.5959,1869
54.6383,1869
61.6837,1869
49.5489,1869
54.629,1869
59.5489,1869
50.4386,1869
49.8485,1869
124.041,1869
47.0587,1869
54.732,1726
50.4902,1879
32.2388,1879
53.449,1892
50.7234,1892
52.6034,1892
62.8198,1892
79.3526,1892
56.794,1892
43.1223,1893
44.5481,1893
43.0936,1726
64.5872,1893
36.5959,1893
82.5599,1893
31.5098,1893
49.1223,1893
73.974,1893
65.9468,1893
61.31,1881
45.8485,1881
81.9468,1881
67.0587,1726
45.6355,1881
44.1849,1881
42.5481,1881
73.6356,1881
53.2222,1881
67.3129,1881
44.6034,1863
54.732,1863
44.3387,1863
81.4447,1863
49.4869,1726
50.1739,1863
39.0196,1863
67.974,1863
39.3508,1863
75.3673,1863
76.0419,1863
67.2318,1863
73.0224,1863
75.0769,1863
88.4658,1863
43.303,1726
73.0879,1863
59.6837,1863
53.2451,1863
63.974,1863
62.7106,1873
66.9881,1873
60.0915,1873
66.9007,1873
57.101,1873
13.5098,1873
63.6837,1726
51.2451,1873
51.2451,1873
61.2008,1873
67.6837,1873
29.6933,1873
51.4838,1873
69.2191,1873
56.8233,1873
84.5293,1873
45.8974,1873
66.2387,1726
48.1739,1875
65.3526,1875
59.2008,1875
26.9863,1875
82.5977,1875
52.6941,1875
44.6034,1875
104.516,1867
40.1057,1867
76.3876,1867
37.7932,1726
70.2675,1867
59.0774,1867
87.4824,1867
77.287,1867
73.8428,1865
72.9881,1865
39.2222,1865
77.8317,1865
49.743,1865
49.3191,1865
83.287,1726
63.974,1865
78.8722,1865
59.1193,1865
40.4902,1865
37.7932,1865
55.0587,1883
53.974,1883
83.4865,1883
58.3038,1883
70.9288,1891
66.6008,1726
38.6034,1891
75.3526,1891
64.9288,1891
66.1723,1891
35.0196,1891
56.7234,1892
53.5489,1892
60.9288,1892
62.2332,1892
47.1223,1892
98.5077,1726
64.732,1880
38.2388,1880
47.8485,1880
58.9881,1880
60.4642,1893
90.5866,1893
50.6941,1893
52.0322,1893
63.8428,1860
64.4386,1860
34.5481,1726
44.6034,1860
61.3191,1860
44.4902,1860
38.5481,1860
31.6515,1860
45.303,1860
57.101,1860
29.4099,1860
43.0591,1860
66.5866,1860
44.6034,1726
64.7289,1860
54,1860
55.449,1860
52.7106,1860
49.9771,1860
48.794,1860
63.1528,1860
85.092,1860
59.9557,1860
52.4902,1860
61.0587,1726
41.4869,1860
65.287,1860
52.5643,1860
44.7106,1860
29.2193,1860
47.8485,1866
35.0196,1866
62.1676,1866
48.4673,1866
58.074,1866
53.2222,1726
65.0194,1866
67.4127,1866
68.7289,1866
72.2675,1866
82.1648,1866
73.1919,1866
77.8469,1866
52.7106,1866
43.8485,1887
64.7106,1887
51.449,1726
41.8485,1887
45.303,1887
30.2647,1887
24.4644,1887
68.7289,1887
43.8485,1895
54.629,1895
50.4902,1895
64.3331,1895
60.3038,1895
60,1726
58.446,1895
36.9384,1895
58.732,1895
42.3904,1895
56.794,1854
47.5489,1854
36.5481,1854
35.303,1854
66.7289,1854
56.1739,1854
53.9771,1726
34.0537,1854
64.8882,1854
47.9771,1854
70.123,1880
77.3526,1880
49.2008,1880
74.4295,1880
84.977,1880
64.5977,1880
44.4902,1887
36.9937,1720
47.9771,1887
43.0936,1887
54.3461,1887
91.8469,1887
75.7744,1887
78.5866,1887
47.9771,1887
57.5489,1887
44.7106,1889
64.2332,1889
56.7106,1720
73.4672,1889
80.7425,1889
59.9557,1889
35.7932,1889
74.7017,1889
48.4902,1877
66.0419,1877
61.0587,1877
31.0383,1877
47.8485,1877
44.5481,1720
58.794,1877
42.1057,1877
57.9557,1877
22.4441,1877
67.1193,1877
78.5293,1877
75.7773,1877
62.8464,1877
51.0879,1877
50.0537,1877
44,1720
52.2387,1877
58.8882,1877
57.2191,1877
13.5098,1877
39.7932,1877
31.2989,1877
41.303,1877
94.0964,1877
61.9557,1877
48.3904,1877
45.2222,1720
54.732,1878
47.8485,1878
52.6941,1878
72.9225,1878
46.2676,1878
69.1193,1878
78.7563,1878
69.4838,1878
80.5977,1878
50.0391,1878
50.794,1720
55.1193,1878
73.7773,1878
103.229,1878
64.9288,1878
32.8387,1878
72.7289,1878
57.2191,1878
70.4979,1878
43.303,1878
60.074,1884
49.8485,1720
56.0322,1884
55.3366,1884
42.6034,1884
49.2451,1884
64.9197,1884
34.8387,1884
60.794,1884
30.2647,1884
41.8485,1884
65.4254,1884
95.8511,1720
45.303,1884
22.5293,1884
72.9881,1884
37.0383,1884
65.6356,1886
65.4838,1886
47.8485,1886
40.1057,1886
45.303,1886
23.5098,1886
43.8485,1720
40.1057,1886
70.5321,1886
81.3825,1886
43.303,1886
61.419,1886
41.303,1886
90.3413,1886
28.2647,1886
42.5481,1886
20,1886
53.9771,1720
52.7106,1886
34.0537,1886
62.2332,1886
63.9557,1886
37.3508,1886
37.303,1886
43.303,1892
56.1739,1892
49.2451,1892
60.3461,1892
52.732,1720
74.5977,1892
53.6837,1892
83.7744,1892
28.544,1854
43.4072,1854
36.1057,1854
29.7412,1854
69.1193,1854
84.5293,1854
65.5126,1854
33.0196,1720
73.0879,1854
51.8772,1883
64.1676,1883
38.5717,1883
56.3644,1883
82.5522,1883
36.1057,1883
63.6837,1883
67.2878,1883
52.3225,1883
38.1057,1720
34.5959,1887
60.9462,1887
46.8289,1887
59.7011,1887
55.101,1887
28.2647,1887
62.3644,1887
31.5098,1887
57.1193,1868
65.4838,1868
54.794,1720
57.7773,1868
36.0537,1868
39.7932,1868
42.4902,1868
79.7744,1868
72.5866,1868
51.5489,1868
72.2221,1874
42.9545,1863
47.8772,1867
48.4902,1867
65.1193,1867
76.1222,1867
47.6911,1867
59.7011,1867
51.1223,1867
38.3461,1867
63.7744,1867
50.4902,1867
56.7808,1867
62.2387,1730
69.743,1867
45.5096,1867
68.5977,1730
34.2647,1730
54.732,doubtful
,1720
26.4644,1720
50.7106,1720
70.437,1720
29.2193,1720
53.8772,1720
109.954,1720
19.8003,1720
42.0391,1720
61.9557,1720
53.6356,1720
56.1739,1715
68.5321,1715
51.2191,1715
69.974,1715
58.9288,1715
51.9557,1715
38,1715
53.0587,1715
35.0196,1715
66.7106,1715
74.9351,1715
82.5293,1715
50.6941,1715
64.5977,1715
57.5126,1715
58.4644,1715
56.446,1715
53.4869,1715
35.7932,1715
38.7807,1715
59.4869,1715
69.9557,1715
52.0322,1715
33.3508,1715
41.5127,1715
40.4902,1715
55.6911,1715
48.4673,1715
40.3387,1715
54.8289,1715
54.3461,1715
83.0196,1715
48.4902,1726
50.732,1726
39.8772,1726
40.5481,1726
40.1057,1726
85.0196,1726
44.1057,1726
66.4323,1726
34.8806,1726
42.5481,1726
52,1726
50.4902,1726
56.7106,1726
57.6837,1726
55.419,1726
35.3508,1726
62.3038,1726
45.8772,1726
44.1057,1726
65.4838,1726
78.1648,1726
73.3526,1726
98.2114,1726
53.6911,
49.1843,1726
61.3191,1726
85.7773,1726
35.7353,1726
67.3526,1726
78.4868,1717
,1722
58.074,1722
68.2647,1722
65.8741,1722
73.0196,1722
65.2008,1722
56.9545,1722
39.3508,1722
114.839,1722
51.9392,1722
72.7186,1722
67.8428,1722
78.3429,1722
86.977,1722
81.7744,1722
47.2451,1722
80.1648,1722
68.977,1722
76.4078,1722
97.1919,1722
107.806,1722
43.4447,1722
,1722
55.5489,1722
53.2451,1722
54.446,1722
79.69,1722
57.2191,1722
68.5293,1722
72.4548,1722
70.1075,1722
39.303,1722
87.287,1722
83.0769,1722
38.1057,1722
55.0587,1722
104.942,1722
64.9462,1722
92.394,1722
74.9351,1722
,1722
89.9468,1722
59.0196,1722
52.794,1722
,1722
38.2388,1722
,1722
72.456,1722
41.0805,1781
101.487,1751
74.9351,1751
64.3038,1751
92.8415,?
103.168,?
39.303,?
57.3784,?
66.3331,?
67.4838,?
64.9288,?
65.2207,1779
54.3461,1779
39.4783,1779
75.2842,1779
93.9468,1779
58.3331,1779
,1755
47.8394,1755
60.3038,1755
100.382,1773
68.977,1773
55.2773,1773
48.3912,(spurious)
85.8317,(spurious)
78.0419,(spurious)
49.4357,(spurious)
86.9653,1773
68.7289,1773
59.2675,1773
65.7011,1869
83.1208,1869
62.9288,1869
61.7773,N
55.5489,N
54.2227,N
71.4838,N
70.1723,1843
60.7289,1843
41.0936,1843
75.7744,1843
45.0845,1938
43.6355,1938
63.31,1938
24.1057,1911
51.9392,1911
59.4869,1908
25.0383,1912
47.9771,1934
36.9384,1934
52.5643,1934
80.0391,1934
80.6318,1934
85.4565,1934
67.0502,1934
51.2193,1931
50.9462,1931
27.6515,1931
56.732,1908
47.8485,1908
67.419,1908
33.5098,1908
51.0591,1908
60.446,1908
42.8806,1908
63.5489,1915
51.1774,1928
48.732,1928
66.4295,1928
38.5481,1928
49.101,1915
34.4961,1915
37.0383,1915
63.8741,1915
78.1222,1915
70.9225,1915
59.213,1915
59.9557,1915
27.4099,1923
71.7773,1923
75.0751,1923
54.8363,1923
47.0936,1923
57.9771,1922
41.7353,1930
72.9288,1930
46.3904,1930
70.9197,1922
54.7871,1922
89.8511,1922
71.4838,1922
61.5489,1922
56.446,1805
55.2773,1801
67.6356,1801
80.977,1801
69.7773,1801
48.1075,1801
78.5293,1801
59.5126,1801
72.7289,1801
43.0805,1801
39.3508,1801
58.3461,1801
37.3508,1804
42.5481,1804
39.8354,1804
38.6034,1804
29.4331,1808
62.7106,1808
43.303,1808
53.2008,1808
50.446,1808
58.9225,1808
39.3508,1811
32.7807,1811
65.2008,1811
81.69,1811
40.5481,1811
43.6355,1808
37.6933,1808
69.31,1808
65.9557,1808
45.2222,1808
57.0774,1825
67.9557,1815
32.2388,1805
93.4865,1805
50.4386,1822
52.8233,1808
28.4644,1808
36.9804,1810
64.9225,1810
45.8485,1814
14,1814
40.8233,1814
29.7932,1838
59.5489,1838
63.2008,1838
44.3387,1810
56.732,1810
37.303,1810
37.303,1804
31.2451,1804
50.4902,1804
87.1919,1801
65.974,1801
50.3038,1801
48.446,1801
40.4902,1801
66.7289,1801
54.3038,1801
47.303,1801
33.0196,1801
87.7744,1801
35.303,1801
32.0537,1801
41.9392,1801
64.4386,1801
50.794,1801
57.6837,1801
47.0774,1801
48.3675,1801
37.3508,1801
58.074,1801
37.6355,1801
50.4644,1801
26.4644,1801
72.0649,1801
31.0196,1801
39.3508,1801
53.9771,1801
36.5959,1801
35.303,1801
73.4174,1801
39.8485,1801
58.7106,1801
39.7353,1801
61.9882,1801
53.1193,1801
35.303,1801
63.743,1801
33.6933,1807
64.9288,1807
67.2008,1807
33.3508,1807
38.2647,1807
26.544,1807
37.0196,1807
50.4902,1807
66.7549,1807
50.4386,1807
80.977,1807
65.4838,1807
44.4902,1807
84.1872,1807
25.2193,1810
65.0587,1810
29.2193,1810
39.0936,1810
35.4839,1810
24.544,1816
55.5489,1816
49.0587,1816
40.8289,1816
67.2191,1816
52.3461,1816
37.0196,1826
28.544,1826
51.419,1826
62.074,1826
58.794,1826
50.446,1826
48.3904,1827
63.2191,1827
51.449,1827
49.1223,1827
39.0196,1827
34.9384,1827
60.446,1827
62.1739,1827
34.2647,1827
51.2451,1827
,1827
66.9881,1827
81.7744,1827
26.544,1827
36.2647,1827
55.8323,1827
31.0196,1827
69.1193,183
52.3038,183
57.101,183
29.5098,183
46.4902,183
83.69,183
38.5481,183
66.6767,1827
75.8228,1827
76.9197,1827
,1827
62.5977,1827
44.5872,1827
34.2647,1827
36.5481,1827
64.1739,1801
40.3675,1801
54.8233,1801
33.5098,1801
51.2222,1803
69.6837,1805
35.7932,1802
47.303,1802
37.7932,1802
51.8772,1802
38.9804,1802
51.1223,1802
42.1057,1802
55.2008,1802
29.0196,1797
32.2647,1797
96.0543,1797
57.4869,1809
68.977,1809
26.4644,1809
52.4644,1809
43.8485,1809
61.4783,1809
48.3675,1809
86.3671,1809
77.743,1801
29.5098,1801
42.3904,1801
32.0537,1796
42,1796
75.31,1796
37.0196,1796
66.8353,1796
59.1193,1796
46.6034,1796
72.8353,1796
36.2647,1796
56.3644,1796
71.974,1796
51.1062,1796
92.2414,1796
57.31,1796
55.3191,1796
33.3508,1796
79.8428,1796
33.0196,1796
39.2222,1796
48.4225,1796
60.2387,1797
47.8485,1797
47.9771,1797
87.0769,1797
73.4099,1797
50.6034,1798
44,1798
23.7744,1798
87.2207,1798
50.4386,1798
45.2451,1798
52,1798
25.3841,1798
61.4838,1798
37.0383,1798
52.4902,1798
60.3644,1798
52.3043,1798
82.3371,1798
40.4902,1799
47.9771,1799
50.6034,1799
34.0537,1799
44.6034,1799
60.7289,1799
66.655,1799
25.2193,1799
32.0537,1799
39.6355,1799
59.4783,1799
34.0537,1799
25.303,1799
60.5866,1799
74.8315,1799
31.4839,1799
68.8807,1799
90.9545,1800
41.303,1800
31.2193,1800
64.9881,1800
64.4295,1800
68,1800
42.6034,1802
44.7106,1802
53.2222,1802
4.68996,1802
62.4295,1802
35.6933,1802
60.3038,1802
45.8485,1802
50.381,1802
66.0678,1802
56.5872,1802
22.2647,1802
26.4441,1802
46.629,1802
66.9288,1802
82.2523,1802
69.6837,1802
46.3675,1802
24.4441,1802
58.0322,1802
34.9384,1802
78.5321,1802
57.9557,1802
19.7744,1802
42.1057,1802
70.8226,1803
52,1803
43.6355,1803
57.101,1803
56.8045,1803
76.4658,1803
27.2193,1803
57.9557,1803
56.1739,1803
36.446,1803
72.8771,1804
70.9225,1804
23.2193,1804
42.5481,1804
41.303,1804
42,1804
49.2948,1804
70.7289,1805
38.9937,1805
80.3371,1805
77.092,1805
71.974,1805
71.8428,1805
48.3904,1805
72.2941,1805
20.4644,1805
65.6821,1805
49.2451,1805
47.0936,1806
57.9218,1806
63.2008,1806
75.7744,1807
41.3508,1807
70.9197,1807
39.0936,1807
50,1807
56.3038,1807
43.0936,1810
57.2008,1810
30.0537,1810
36.5481,1810
27.2193,1810
33.303,1810
51.1774,1810
41.7932,1811
51.2222,1811
42.1057,1811
45.1223,1811
67.6746,1811
36.5481,1815
40.5481,1815
47.2222,1817
85.2842,1817
81.6746,1817
44.6034,1817
63.0587,1819
53.3191,1819
32.0537,1819
58.074,1819
47.0936,1819
58.446,1819
75.9225,1819
42.5481,1819
,1821
48.6034,1821
31.2989,1821
53.9771,1823
27.2193,1823
39.7932,1823
43.0805,1823
19.7744,1823
63.9557,1823
44.4902,1823
55.4072,1823
78.1173,1799
50.6034,1799
61.0587,1799
51.8611,1799
40.1739,1799
51.9771,1799
41.303,1799
48.4902,1799
80.2647,1799
65.0587,1799
44.9937,1799
87.2219,1801
71.8573,1801
76.1954,1801
64.243,1801
51.1223,1801
47.0194,1801
56.1075,1801
85.8317,1803
45.4495,1803
41.6892,1803
69.6837,1803
66.1075,1803
64.7577,1803
78.2221,1803
55.0587,1803
70.0419,1803
61.5489,1803
51.0587,1803
49.0936,1803
52.9288,1803
37.0196,1805
91.1919,1805
84.3371,1805
32.8387,1805
39.7744,1805
33.3508,1805
55.5489,1816
49.4913,1816
38.5481,1816
43.8354,1816
55.449,1816
51.4869,1801
77.8526,1801
43.5912,1801
34.2388,1801
60.5872,1801
42.0391,1801
62.1913,1801
97.0071,1801
53.7379,1801
46.8363,1801
76.9545,1801
67.5785,1801
74.5293,1801
46.6034,1804
40.6034,1804
41.3508,1804
54.6941,1804
68.5977,1804
57.4869,1804
67.6837,1804
92.6075,1804
62.8289,1804
44.3675,1804
103.096,1804
44.4902,1804
,1804
34.0537,1806
39.3508,1806
21.9001,1806
68.4553,1806
52.1849,1806
35.7932,1806
56.3038,1806
56.446,1806
26.0537,1806
29.5098,1806
49.3191,1806
49.419,1806
34.4961,1806
63.9854,1806
60.3644,1806
65.6327,1806
76.7275,1806
60.1739,1808
87.5864,1808
59.6837,1808
45.0805,1808
36.0537,1808
41.7353,1808
24.4441,1808
21.7095,1808
45.8485,1808
51.5489,1808
106.816,1808
20.5293,1808
45.303,1808
24.4441,1809
,1809
17.2451,1809
24,1809
78.7017,1809
44.4673,1809
79.7744,1809
42.6523,1809
44,1809
51.2451,1809
23.9463,1809
73.0196,1809
67.2102,1809
43.8485,1809
86.0766,1809
45.5912,1809
36.5481,1809
57.9557,1809
44.6034,1809
44,1809
42.794,1809
22.4441,1809
69.6563,1809
27.0196,1809
72.5321,1809
56.8289,1809
59.9557,1809
89.1919,1809
68.1739,1809
34.3387,1809
63.0879,1809
55.4838,1809
59.9001,1809
45.7353,1809
29.2989,1809
54.6941,1809
36.0537,1809
42.3387,1809
31.5098,1816
74.4295,1816
58.2675,1816
51.6911,1816
39.4869,1816
51.5494,1816
16.7106,1816
36.5717,1816
56.1913,1816
51.2222,1816
64.629,1816
51.419,1816
70.0804,1816
23.3841,1816
54.5977,1893
128.606,1893
79.1919,1893
96.5357,1893
36.9937,1893
35.7932,1893
72.8122,
56.9288,1892
53.9771,1892
38.4673,1892
52.7871,1892
33.0196,1892
75.588,1892
40.5481,1892
32.0537,1898
45.303,1898
41.7932,1898
52.3038,1898
51.449,1897
31.2989,1897
51.5912,1897
58.0915,1897
42.5481,1897
57.0587,1897
48.0391,1897
64.456,1897
26.2647,1897
31.6933,1897
59.2008,1897
55.8031,1897
17.6515,1897
37.303,1897
50.3225,1897
51.2451,1897
74.5293,1897
37.0383,1897
53.9771,1836
31.0196,1836
43.6355,1840
55.449,1841
87.1919,1841
95.762,1843
58.732,1846
35.0196,1845
45.0936,1833
52.732,1833
31.0383,1833
21.6892,1833
48.6034,1833
55.2451,1833
35.3508,1833
39.7932,1836
27.2193,1836
24.5293,1836
44,1836
29.2193,1836
64.8807,1855
42.5481,1855
88.697,1833
72.7158,1833
59.974,1833
116.269,1833
37.0196,1833
34.2647,1833
37.3508,1833
101.486,1833
61.101,1833
59.6911,1833
59.5671,1833
40.1057,1833
59.4783,1833
28.7158,1837
34.4961,1837
48.9362,1837
88,1837
70.5977,1837
36.5959,1837
37.3966,1837
51.9392,1837
31.0196,1837
,1837
39.3681,1837
40.4441,1837
96.3521,1766
52.3461,1837
36.3485,1837
103.471,1837
34.1057,1840
61.1193,1840
40.8045,1840
52.9288,1766
56.0322,1840
49.9771,1832
72.123,1832
67.7773,1832
69.743,1766
34.9384,1834
51.9771,1834
69.6327,1836
42.4902,1836
49.5912,1838
73.7319,1838
65.7773,1838
47.4869,1838
47.303,1838
54.3038,1840
83.287,1766
46.3038,1840
48.3675,1842
58.446,1842
65.8428,1842
33.3508,1842
58.3904,1842
38.5481,1845
67.6837,1845
76.5977,1847
48.4902,1847
49.1223,1766
74.0649,1855
58.732,1855
47.0845,1855
49.1843,1855
67.2008,1855
54.794,1855
47.2451,1832
19.2451,1832
41.303,1832
39.7932,1832
26.4441,1833
41.303,1833
36.2647,1833
27.2989,1836
51.2451,1836
38.2647,1837
45.303,1837
42,1840
77.7773,1840
34.2647,1844
52.794,1855
26.0537,1836
57.0587,1836
58.9225,1836
52.6941,1840
29.0196,1840
61.2008,1840
54.1333,1841
95.1907,1843
68.9288,1843
55.6837,1839
32.4961,1839
31.4099,1839
50.794,1839
,1839
76.5977,1839
31.0196,1839
40.4902,1839
31.1356,1839
,1839
60.7289,1839
31.449,1839
52.6941,1839
76.0391,1839
35.3508,1578
55.8323,1839
58.074,1839
67.8428,1839
51.2451,1839
64.4386,1839
87.9349,1839
52.9288,1839
67.6837,1839
51.5494,1839
86.2842,1839
77.287,1839
76.2221,1835
,1835
50,1840
45.5489,1840
45.303,1840
45.8485,1843
45.0936,1843
29.2193,1843
28.544,1847
58.7289,1847
33.303,1847
54.6941,1847
36.9937,1851
40.3485,1851
43.8354,1851
51.7095,1840
34.5959,1840
43.4869,1840
26.5293,1840
25.5098,1840
39.5936,1840
59.0587,1845
58.446,1845
36.2647,1845
49.1223,1845
66.8289,1845
84.977,1834
82.9351,1834
53.0591,1838
35.7932,1838
38.1057,1838
42.6941,1838
74.8198,1838
66.7106,1847
50.732,1847
76.5321,1847
48.6034,1847
77.0224,1855
48.4902,1855
59.6837,1855
51.8772,1855
32,1855
41.303,1855
47.2222,1855
58.794,1868
31.0196,1868
26.4644,1871
79.132,1820
64.4386,1820
58.5872,1820
61.1193,1820
,1821
57.9771,1821
81.266,1821
60.9462,1821
36.3387,1578
84.5866,1714
38.5481,1714
48.732,1714
64.9288,1714
72.5977,1714
34.5959,1714
43.0845,1714
22,1714
71.5671,1714
68.9462,1714
82.0525,1714
45.2008,1714
62.7289,1714
48,1714
63.0587,1714
81.8317,1700
94.0391,1700
61.3191,1700
112.196,1700
69.7773,1700
63.3784,1700
88.0419,1700
55.4869,1700
70.2675,1700
53.6095,1700
42.6946,1685
67.9557,1685
63.6837,1685
45.8772,1685
39.3508,1685
61.4838,1713
80.1648,1713
85.8051,1716
47.8485,1716
38.3675,1716
76.9197,1716
38.5481,1578
64.629,1722
61.2191,1722
55.743,1716
50.0322,1724
65.2191,1724
50.794,1724
69.0879,1724
35.7932,1724
62.9462,1724
51.1774,1724
44,1920
47.0936,1724
29.4099,1724
57.3191,1724
38.5481,1724
84.3371,1724
62.1676,1724
40.7106,1724
49.5494,1724
43.8485,1724
79.9225,1724
51.7093,1920
45.8485,1724
66.0678,1724
85.2327,1724
77.7109,1724
76.1075,1724
66.8882,1724
39.0936,1724
54.7106,1724
36.732,1722
66.3038,1722
57.2008,1920
28.8966,1722
71.2256,1722
51.2451,1722
80.2221,1722
54.1739,1722
49.1223,1722
75.5404,1722
52.732,1722
37.3508,1722
57.419,1722
58.3461,1920
45.8485,1730
35.0936,1716
56.8464,1716
46.7871,1716
74.3022,1716
79.0769,1716
53.4869,1716
35.9771,1716
68.7289,1713
42.5481,1716
52.732,1920
55.3191,1716
86.5866,1716
65.0502,1716
40.5481,1716
45.8485,1716
34.5959,1716
62.7289,1716
31.2193,1716
64.4386,1716
29.7412,1716
55.2008,1920
69.4099,1716
58.1739,1716
67.2008,1722
85.7744,1722
79.4881,1716
49.2948,1716
49.101,1716
69.6327,1716
35.9771,1722
48.446,1713
61.9557,1920
26.2647,1722
24.4644,1722
66.5599,1722
78.7017,1722
40.6523,1722
42.1057,1730
41.7932,1722
73.7773,1690
77.092,1690
50.732,1927
43.0936,1690
85.7528,1690
44.7106,1690
52.794,1690
42.2388,1927
73.3415,1927
29.303,1927
65.8741,1927
47.6911,1927
58.2645,1927
71.0196,1927
75.3624,1914
57.2191,1914
62.4607,1891
54.3043,1891
60.8464,1891
65.7665,1883
87.23,1883
68.1536,1883
62.243,1883
67.6327,1883
66.0433,1885
65.8741,1890
41.2222,1890
64.9462,1890
54.6941,1890
40.2388,1885
37.303,1885
38.5293,1885
80.9653,1735
48.7365,1735
63.7973,1913
63.9557,1913
44.794,1788
55.213,1788
62.3038,1788
54.9085,1788
60.4979,1788
64.9225,1788
54.6941,1788
69.3024,1880
51.7207,1880
35.7932,1880
70.0725,1880
62.0427,1880
58.4386,1894
53.2451,1894
48.3043,1894
41.3508,1894
49.5489,1896
42.5481,1896
49.8485,1896
57.5912,1896
61.974,1896
56.3644,1896
96.8423,1883
58.5643,1883
43.1223,1883
30.2647,1883
94.0961,1883
64.9288,1883
67.6837,1883
32.5959,1883
109.585,1894
45.9092,1894
60.2387,1894
58.9288,1880
72.1676,1880
80.5293,1880
52.456,1880
57.5912,1880
84.6898,1735
53.2451,1890
38.1057,1890
68.1333,1890
89.9874,1890
101.978,1890
39.9092,1890
57.2008,1890
94.9679,1894
79.6746,1894
57.5912,1894
86.5169,1894
73.7773,1894
41.303,1894
34.197,1894
70.1676,1894
49.4869,1894
83.8317,1896
55.2333,1896
45.2451,1896
43.9771,1896
83.4824,1896
56.3461,1896
56.7871,1896
76.9503,1896
123.445,1896
53.2008,1896
74.8778,1896
53.6837,1896
24.5293,1896
41.0805,1896
69.0879,1896
67.6327,1896
47.9771,1896
52.3038,1888
67.4838,1888
49.8485,1888
56.6941,1888
80.3371,1888
77.5822,1888
78.9503,1888
98.9963,1888
68.1676,1888
67.2256,1894
50.9288,1894
66.5977,1894
50.3225,1894
71.4405,1894
110.486,1894
47.0936,1884
51.2773,1884
39.3508,1884
74.4449,1884
57.8428,1879
89.0962,1879
37.7932,1879
56.3038,1879
61.7577,1879
65.974,1879
59.0587,1879
46.6034,1879
88.0391,1879
69.7773,1879
52.794,1879
104.327,1879
91.7528,1879
38.5959,1879
70.1075,1878
60.1075,1878
38.9937,1878
49.4869,1878
58.4756,1878
53.9557,1878
58.732,1878
54.7106,1878
69.0224,1878
40.3256,1878
90.7316,1878
47.5494,1878
68.0391,1878
65.743,1878
51.31,1878
68.4323,1878
32.1057,1878
87.2625,1887
42.4673,1887
71.8428,1887
73.9767,1887
53.2451,1887
31.0196,1887
51.2451,1887
43.2451,1887
53.1774,1887
47.9771,1887
42.4902,1887
66.898,1887
65.287,1887
33.7932,1887
67.0224,1887
75.8428,1887
63.6837,1887
45.2222,1887
46.8363,1887
51.419,1887
51.4838,1887
63.9557,1887
50.9462,1887
79.4565,1887
47.8485,1887
57.7773,1879
64.8573,1735
83.5822,1879
53.5489,1879
70.9225,1894
100.382,1894
63.3526,1894
47.2008,1894
60.3331,1894
61.6774,1894
57.2008,1894
58.9288,1894
63.8428,1882
54.3043,1882
70.977,1882
41.1223,1882
42.3904,1882
82.3371,1882
68.9351,1882
64.3331,1882
58.1739,1885
63.9001,1885
59.0587,1885
71.8552,1885
63.4838,1885
65.2008,1885
60.074,1885
34.197,1885
53.4869,1892
72.8198,1892
30.9575,1892
73.092,1892
59.6774,1892
51.4869,1892
75.7773,1892
50.1333,1892
73.7773,1894
61.419,1894
61.7011,1894
52.5817,1894
86.5357,1894
55.9557,1894
79.0962,1894
62.1333,1894
50.0537,1894
37.0196,1894
65.8741,1894
60.4386,1894
57.449,1883
67.3673,1883
50.3644,1883
72.1648,1883
80.8771,1883
49.9557,1883
24.4644,1894
28.0537,1894
49.8741,1894
60.8233,1894
57.0587,1894
63.2008,1894
41.7932,1894
48.0391,1894
49.0936,1894
62.8882,1894
53.5489,1894
26.544,1894
80.6318,1899
47.0936,1899
48.4673,1880
56.6479,1880
35.0196,1880
71.3448,1880
47.0769,1735
47.8485,1735
36.1057,1740
38.1057,1740
54.6941,1892
44.3038,1892
45.0936,1892
59.9557,1892
95.7353,1892
67.6837,1892
51.7093,1893
62.7289,1893
82.2114,1893
30,1893
32.5959,1893
78.9963,1893
50.4979,1893
116.516,1868
41.8485,1868
75.0678,1868
51.5489,1868
33.0196,1868
70.2387,1868
72.9197,1884
69.8428,1884
45.6355,1902
48.3904,1902
44.9937,1902
57.1481,1902
82.977,1902
16.9197,1892
76.6018,1892
51.8323,1892
49.4869,1892
52.3461,1892
65.5404,1868
67.5671,1868
83.8469,1889
64.456,1889
42.6034,1889
49.2451,1889
56.446,1889
41.303,1889
62.8289,1889
60.7289,1889
42,1889
67.1193,1889
60.0915,1879
45.9557,1879
76.2953,1879
21.6993,1879
36.5481,1879
45.0936,1879
87.812,1879
64.4295,1879
43.4869,1879
65.5098,1879
74.1676,1886
45.5489,1886
73.8469,1886
51.8772,1886
35.7932,1886
29.0196,1886
24.5293,1886
56.3038,1886
63.743,1886
60.7275,1893
52.0322,1893
75.7773,1893
52.2227,1896
94.3413,1896
49.0587,1896
69.8428,1896
78.9351,1896
71.2842,1896
98.3038,1896
56.5977,1896
100.341,1896
20.0537,1896
42.1057,1824
35.7932,1824
45.0936,1824
53.2773,1824
94.0961,N
41.3508,N
56.7871,1628
63.2675,1897-1913
86.3371,1897-1913
29.2989,1897-1913
55.3681,1598
73.7773,1598
53.5356,1598
36.3387,1598
80.5866,1598
41.303,1598
66.5872,1598
98.437,1883
67.974,1885
50.732,1894
41.7932,1894
68.8807,1884
42,1884
101.199,1884
47.7353,1884
57.5822,1884
35.926,1884
59.7744,1884
49.4072,1884
89.8226,1925
39.8772,1925
64.8807,1925
58.0419,1925
58.3461,1898
50.794,1858
57.9557,1858
49.2451,1858
73.287,1878
62.446,1878
91.2207,1878
64.7577,1878
51.2451,1878
60.0915,1878
83.1328,1858
62.7106,1858
74.5321,1858
63.419,1858
91.0071,1858
90.9653,1858
81.18,1769
105.332,1769
98.4742,1769
59.2008,
55.419,
82.977,
89.9468,
77.287,
48.3675,
104.461,
64.8771,
54.6941,
48.4902,
51.8485,1777
,1774
83.5552,1774
76.6059,1774
60.7361,1774
51.6911,1774
69.974,1774
97.0071,1774
54.3461,1774
78.1173,1774
45.2451,1774
62.456,1774
93.2207,1774
122.141,1774
79.2842,1774
99.541,1774
77.6821,1774
55.4869,1864
60.0433,1860
68.1676,1860
78.2221,1860
96.9804,1860
46.8289,1860
61.5126,1860
84.9811,1860
82.9091,1860
127,1890s
98.5866,1739
69.5126,1739
84.5077,1774
54.0915,1774
73.7773,1774
64.3644,1739
50.794,1867
50.4902,1876
40.1813,1872
71.7744,1872
49.1223,1872
61.9001,1739
110.121,1872
55.0224,1872
82.2414,1872
81.0224,1872
45.6911,1872
,1872
68.9225,1872
55.2191,1899
57.101,1878
74.8778,1878
61.0587,1867
82.5866,1887
97.107,1895
62.8122,1885
64.2647,1885
62.7289,1885
83.4865,1885
62.0028,1885
86.8722,1885
69.8428,1886
107.445,1886
71.0224,1886
54.0322,1891
72.1648,1891
44.794,1891
70.5977,1891
63.2008,1891
61.6837,1897
53.903,1888
106.196,1872
89.5864,1881
29.2989,1881
94.4751,1881
65.3673,1881
53.3191,1881
80.0391,1881
51.419,1881
49.9392,1865
50.732,1865
52.3038,1896
77.092,1896
71.1919,1896
77.743,1886
85.23,1888
48,1888
93.8469,1888
78.977,1888
81.4824,1888
60.9288,1893
67.1193,1893
83.762,1893
73.7744,1893
78.1173,1893
53.9771,1893
59.8323,1893
69.4672,1893
61.2008,1901
53.7004,1879
48.4902,1879
64.1739,1879
120.547,1879
54.8882,1879
56.1913,1879
109.246,1879
80.437,1879
74.6125,1905
58.9288,1893
85.9349,1893
61.9557,1893
74.2221,1893
42.5481,1893
72.5977,1883
34.2647,1883
57.4838,1883
68.1258,1883
80.5293,1883
54.446,1883
,1866
70.2114,1866
57.5489,1866
76.5977,1866
67.6837,1866
61.974,1866
45.2222,1871
64.629,1871
62.446,1871
84.1996,1871
60.3038,1871
99.3324,1871
62.1739,1871
66.9288,1887
35.0196,1887
48.794,1887
56.3461,1887
65.6746,1887
43.8354,1887
35.3508,1887
46.4902,1901
60.9881,1898
92.394,1898
56.0306,1898
97.4865,1898
71.6746,1898
41.2451,1898
47.2451,1898
47.4869,1886
73.69,1881
90.7723,1881
97.5864,1891
79.6271,1891
81.8619,1867
41.2451,1867
100.154,1897
89.2207,1860
94.5605,1860
63.4672,1860
80.1803,1858
68.9288,1858
74.7017,1863
42.3485,1740
67.7011,1740
59.4099,1740
77.7744,1740
40.1057,1740
53.8772,1740
75.31,1740
68.7289,1740
61.419,1740
60.446,1740
53.9771,1863
69.6837,1740
51.8485,1740
36.9804,1740
36.5959,1740
79.6271,1740
49.2451,1740
66.5977,1740
24,1740
80.5077,1740
70.2221,1740
77.4838,1863
49.9771,1749
76.0804,1749
51.449,1749
70.5977,1749
59.0383,1749
48.6941,1749
66.8778,1749
62.0322,1738
58.9288,1738
44.6034,1730
1732(rev)
44.6034,1730
1732(rev)
61.2008,1730
1732(rev)
61.2008,1730
1732(rev)
34.0537,1730
1732(rev)
34.0537,1730
1732(rev)
60.1739,1730
1732(rev)
60.1739,1730
1732(rev)
48,1730
1732(rev)
48,1730
1732(rev)
55.9771,1730
1732(rev)
55.9771,1730
1732(rev)
56.446,1730
1732(rev)
56.446,1730
1732(rev)
28.544,1730
1732(rev)
28.544,1730
1732(rev)
71.0879,1738
50.794,1730
1732(rev)
50.794,1730
1732(rev)
50.4902,1730
1732(rev)
50.4902,1730
1732(rev)
42.1057,1730
1732(rev)
42.1057,1730
1732(rev)
53.9771,1730
1732(rev)
53.9771,1730
1732(rev)
78.7466,1730
1732(rev)
78.7466,1730
1732(rev)
43.0936,1730
1732(rev)
43.0936,1730
1732(rev)
49.9771,1730
1732(rev)
49.9771,1730
1732(rev)
44.4902,1730
1732(rev)
44.4902,1730
1732(rev)
77.0224,1730
1732(rev)
77.0224,1730
1732(rev)
53.449,1730
1732(rev)
53.449,1730
1732(rev)
31.5098,1738
77.7744,1730
1732(rev)
77.7744,1730
1732(rev)
87.3415,1730
1732(rev)
87.3415,1730
1732(rev)
63.974,1730
1732(rev)
63.974,1730
1732(rev)
59.2008,1730
1732(rev)
59.2008,1730
1732(rev)
76.2647,1730
1732(rev)
76.2647,1730
1732(rev)
32.2676,1730
1732(rev)
32.2676,1730
1732(rev)
45.8772,1730
1732(rev)
45.8772,1730
1732(rev)
48.3331,1730
1732(rev)
48.3331,1730
1732(rev)
73.0879,1730
1732(rev)
73.0879,1730
1732(rev)
59.0587,1730
1732(rev)
59.0587,1730
1732(rev)
63.743,1738
56.732,1730
1732(rev)
56.732,1730
1732(rev)
62.629,1730
1732(rev)
62.629,1730
1732(rev)
90.5866,1730
1732(rev)
90.5866,1730
1732(rev)
26.5293,1730
1732(rev)
26.5293,1730
1732(rev)
57.2451,1730
1732(rev)
57.2451,1730
1732(rev)
60.794,1730
1732(rev)
60.794,1730
1732(rev)
75.6356,1730
1732(rev)
75.6356,1730
1732(rev)
39.7353,1730
1732(rev)
39.7353,1730
1732(rev)
60.3038,1730
1732(rev)
60.3038,1730
1732(rev)
43.8485,1738
44.4673,1730
1732(rev)
44.4673,1730
1732(rev)
50.4902,1730
1732(rev)
50.4902,1730
1732(rev)
75.7773,1730
1732(rev)
75.7773,1730
1732(rev)
38.6034,1730
1732(rev)
38.6034,1730
1732(rev)
69.6837,1730
1732(rev)
69.6837,1730
1732(rev)
65.287,1730
1732(rev)
65.287,1730
1732(rev)
59.2682,1730
1732(rev)
59.2682,1730
1732(rev)
52.5643,1738
78.9503,1730
1732(rev)
78.9503,1730
1732(rev)
53.5489,1730
1732(rev)
53.5489,1730
1732(rev)
74.5321,1730
1732(rev)
74.5321,1730
1732(rev)
49.2451,1730
1732(rev)
49.2451,1730
1732(rev)
70.1075,1730
1732(rev)
70.1075,1730
1732(rev)
67.974,1730
1732(rev)
67.974,1730
1732(rev)
52.794,1730
1732(rev)
52.794,1730
1732(rev)
39.0936,1730
1732(rev)
39.0936,1730
1732(rev)
29.7932,1730
1732(rev)
29.7932,1730
1732(rev)
60.5775,1733
92.7723,1738
74.898,1720
97.2718,1720
44.5481,1720
69.8309,1720
44.6946,1733
34.5334,1733
31.4099,1733
57.9574,1733
41.303,1733
90.0419,1720
61.1193,1738
59.3191,1720
40.9937,1720
34.9384,1720
41.8485,1720
62.3461,1720
74.2675,1720
82.2647,1720
63.0587,1720
79.4672,1720
54.732,1720
104.591,1738
41.4869,1720
68.3038,1720
63.8428,1720
39.7932,1720
80.3371,1720
73.7319,1720
42.5481,1720
77.0224,1720
76.2387,1720
,1720
67.9767,1738
65.0587,1720
46.6523,1733
42.1057,1733
51.7095,1733
78.1075,1733
63.8741,1733
58.9881,1733
50.4386,1733
85.1919,1733
75.743,1738
56.4323,1733
42.3904,1733
69.8428,1733
61.8323,1733
69.0196,1860
65.5126,1734
56.7289,1760
98.3413,1760
72.2387,1760
67.303,1760
56.446,1738
57.5489,1760
64.4386,1760
67.8741,1760
47.4264,1760
55.2222,1760
55.0774,1760
53.8772,1760
63.2878,1760
52.8233,1760
29.6515,1760
45.303,1738
46.3904,1760
38.3387,1760
55.5489,1760
36.1057,1760
40.732,1760
54.0391,1760
70.4979,1760
32.197,1760
73.6111,1738
58.9288,1738
77.69,1738
38.9804,1778-1779
49.2008,1761
90.0312,1894
54.6941,1894
80.5293,1894
70.5866,1894
54.446,1894
67.0224,1931
95.3867,1931
67.3825,1931
46.3904,1931
56.074,1931
33.0196,1761
36.9519,1951
41.9771,1951
71.7773,1951
51.2451,1951
57.449,-1762,1757-1759?
68.7289,-1762,1757-1759?
58.2387,-1762,1757-1759?
50.9288,-1762,1757-1759?
50.493,-1762,1757-1759?
59.2102,1761
49.8772,-1762,1757-1759?
44.732,-1762,1757-1759?
63.2191,-1762,1757-1759?
49.303,-1762,1757-1759?
46.3675,-1762,1757-1759?
66.7289,-1762,1757-1759?
56.3461,n.d.
41.303,n.d.
57.5098,n.d.
67.0587,n.d.
64.2332,1761
57.4869,n.d.
59.2008,n.d.
79.287,n.d.
62.1075,n.d.
34.2388,n.d.
63.8741,n.d.
81.8511,1776
36.5959,1776
36.5481,1776
52.3043,1776
58.5872,1761
73.5404,1776
47.303,1776
48.3995,1776
55.3191,1776
92.4078,1776
42.4902,1776
63.2008,1776
53.9557,1776
41.7353,1776
49.8485,1776
70.456,1761
41.7353,1776
66.1333,1776
62.5872,1776
47.2451,1776
47.8772,1776
84.0391,1782
36.9384,1782
38.1057,1782
67.3526,1782
67.974,1782
50.794,1761
83.2219,1782
56.1739,1782
67.31,1782
62.9881,1782
65.2842,1782
48.7106,1782
68.8226,1782
59.5671,1782
54.5872,1782
53.2451,1782
74.5977,1761
54.6941,1787
59.5096,1787
62.7871,1787
61.5489,1787
66.629,1787
39.6933,1787
57.7011,1787
53.3135,1787
45.4264,1787
39.9771,1787
67.0879,1761
78.9272,1789,1790
65.3526,1789,1790
43.6355,1789,1790
54.6941,1789,1790
88.7017,1789,1790
76.0419,1789,1790
39.3508,1789,1790
41.303,1789,1790
47.0936,1789,1790
46,1789,1790
46.732,1761
48.4902,1789,1790
90.2771,1789,1790
55.4869,1789,1790
40.1057,1789,1790
59.0587,1789,1790
,1789,1790
74.5293,1789,1790
76.4868,1789,1790
69.2842,1789,1790
73.6746,1789,1790
35.8485,1761
68.8289,1789,1790
62.9288,1789,1790
56.3038,1789,1790
49.3987,1789,1790
56.9288,1789,1790
61.1193,1791
34.4961,1791
64.074,1791
54.6941,1791
76.4323,1791
54.732,1761
84.5977,1791
47.8772,1791
91.1919,1791
48.3904,1791
67.7011,1791
77.8428,1791
61.6837,1791
75.7744,1791
73.0034,1791
43.8485,1791
76.5321,1761
59.101,1791
43.6126,1791
49.8394,1791
60.0028,1791
73.6111,1791
54.4902,1791
46.0391,1791
64.1676,1791
49.0587,1791
54.7808,1791
39.0196,1761
45.8485,1761
49.1223,1799
67.4838,1799
40.2388,1799
58.446,1799
61.5489,1799
94.8722,1799
57.2008,1799
83.1919,1799
37.4839,1799
52.6941,1799
73.0196,1799
59.0196,1799
63.2191,1802
50.3038,1802
64.9288,1802
52,1802
56.732,1802
37.8354,1802
72.7289,1802
70.9881,1802
80.0804,1740
50.4902,1802
59.419,1802
51.5671,1802
79.1919,1802
27.2989,1802
83.6523,1740
36.5481,1740
60.732,1740
27.2193,1959
66.8807,1959
102.211,1959
30.0537,1959
76.977,1740
34.1057,1959
55.5489,1959
61.974,1959
75.0424,1740
49.9771,1740
73.4838,1740
77.0769,1740
60.1102,1740
71.8428,1740
57.101,1740
42.1057,1740
53.1223,1740
78.4323,1740
80.1173,1740
57.0224,1740
65.3987,1740
86.1222,1740
76.0649,1740
56.3461,1970
42.5481,1740
76.243,1970
41.3508,1970
78.1954,1970
34.8806,1970
74.5293,1970
73.4099,1970
55.271,1970
56.4642,1970
41.8485,1970
74.9225,1970
76.5977,1740
76.6075,1740
67.2191,1970
75.5404,1970
77.1919,1970
83.7319,1970
49.213,1970
77.6271,1970
66.7549,1970
68.4386,1970
79.2842,1970
45.8974,1970
82.5866,1740
66.9288,1959
44.6523,1959
94.8722,1959
65.2191,1959
94.3513,1740
80.5293,1922?
79.7744,1922?
78.3904,1922?
46.3848,1922?
48.6941,1922?
62.2387,1922?
51.2451,1922?
54.1739,1740
39.419,1922?
40.2256,1922?
52.5643,1922?
37.0383,1922?
23.2193,1922?
30.4961,1935?
31.0196,1935?
38.1057,1935?
64.074,1935?
33.5098,1935?
90.9421,1740
45.9771,1935?
56.1739,1935?
50.3038,1935?
57.2008,1935?
38.2388,1935?
53.5489,1935?
72.7289,1935?
33.303,1935?
61.9854,1935?
24.4644,1935?
39.0936,1740
58.3038,1922?
64.739,1922?
58.732,1922?
57.101,1922?
57.101,1922?
24.4644,1922?
76.5321,1922?
45.0936,1922?
53.1193,1922?
42.1057,1935?
37.0196,1740
82.322,1935?
60.9288,1935?
22,1935?
61.0774,1935?
51.8428,1935?
45.303,1936?
58.5643,1936?
51.1223,1936?
59.3709,1936?
37.3508,1936?
44.9362,1740
56.7106,1936?
33.5098,1936?
39.6933,1936?
57.1193,1936?
41.7932,1936?
47.2451,1936?
61.0587,1938?
45.0936,1938?
55.9557,1938?
58.9288,1938?
53.1223,1740
65.1193,1938?
58.3461,1936?
47.2222,1936?
59.101,1936?
20,1936?
53.9392,1933?
59.4869,1933?
73.6774,1933?
60.3461,1933?
30.2647,1933?
37.0196,1740
52.732,1933?
43.9771,1933?
62.8778,1740
40.1057,1740
36.5481,1740
64.8807,1740
55.2451,1740
73.6327,1740
58.7106,1740
51.1223,1894
49.7093,1894
56.8289,1894
41.0587,1894
41.2469,1740
29.0196,1894
36.9519,1894
59.5096,1894
34.1057,1897
22.7549,1897
74.1954,1897
67.0879,1897
42.8806,1897
69.6837,1740
39.9771,1740
72.7289,1740
76.0964,1863
52.3038,1740
63.2191,1740
97.5263,1740
51.8772,1740
43.0936,1740
60.9881,1740
36.9384,1740
66.7289,1740
59.2193,1740
87.3217,1740
68.629,1937
62.629,1937
54.4644,1928
90.5077,1928
52.3225,1927
48.4902,1927
34.9384,1927
41.3508,1927
55.3784,1927
37.7932,1927
33.0383,1928
72.1648,n.d.
100.187,n.d.
79.287,n.d.
57.7773,1700
57.5489,1700
91.5972,1700
74.0804,1700
5
